attack,alpha,component,n_runs,err_all_mean,err_all_std,err_all_min,err_all_max,err_static_mean,err_static_std,err_static_min,err_static_max,err_dynamic_mean,err_dynamic_std,err_dynamic_min,err_dynamic_max,err_accepted_mean,err_accepted_std,err_accepted_min,err_accepted_max,contamination_mean,contamination_std,contamination_min,contamination_max,n_confound_mean,n_confound_std,n_confound_min,n_confound_max,best_set_majority,best_set_agreement
alie,0.1,DCV,3,0.029246214546985578,0.0002035837817304909,0.029086867389329297,0.029475563503527747,0.041520256369775764,0.004397281575171677,0.036552763674556475,0.044914550625818325,0.04802585349915572,0.004769830153939064,0.04259923113118139,0.05155470557971209,0.06867026380247539,0.004346374322083779,0.06515268846855006,0.07352920752604059,0.029246214546985578,0.00020358378173049858,0.029086867389329297,0.029475563503527757,4.6721885619642005e-17,6.985000018454544e-18,4.0245584642661923e-17,5.412337245047638e-17,all,1.0
alie,0.1,Dcluster,3,0.04264019265904923,0.0031154113870123703,0.039826304199441186,0.04598809333169009,0.062897916052704,0.004638912088505559,0.058607644261087756,0.06782058346596237,0.06930505813087183,0.005619152264326449,0.06384170091846883,0.07506801833846706,0.0996272298220852,0.005459726732949026,0.09423563435934831,0.10515262819190503,0.04264019265904923,0.0031154113870123694,0.039826304199441186,0.04598809333169009,5.921189464667501e-17,1.1802920513331016e-17,4.5796699765787705e-17,6.800116025829084e-17,all,1.0
alie,0.1,Dsim,3,0.010234715069041703,0.00035623717761623864,0.00995200432319602,0.010634838489361276,0.016430635873642522,0.0018761316151882754,0.014811318218104094,0.0184865802165948,0.04484822670298144,0.009954885500297076,0.036744144987245195,0.05596019957061617,0.0723075983387592,0.01315343715264849,0.0643028980369386,0.08748834232497511,0.0102347150690417,0.0003562371776162434,0.009952004323196015,0.010634838489361278,3.5272710678195076e-17,1.1450927053316001e-17,2.393918396847994e-17,4.683753385137379e-17,all,1.0
alie,0.25,DCV,3,0.07641613196533205,0.0035251546844496827,0.07312201950968275,0.08013401722918301,0.11717952025670886,0.014220167993408835,0.10214834119646246,0.13041882534622848,0.13831332987642198,0.007512287000294931,0.12964536418157602,0.14293754368279085,0.17454684858727076,0.016326425206946625,0.1631173670307337,0.19324532432700575,0.07641613196533203,0.003525154684449689,0.07312201950968274,0.08013401722918301,5.4354668913939954e-17,1.630763092811064e-17,3.8163916471489756e-17,7.077671781985372e-17,all,1.0
alie,0.25,Dcluster,3,0.10116135562466026,0.007667686222235442,0.09328595493015336,0.10860290527352179,0.1474337144614586,0.021657235019466516,0.12533563237455522,0.16862138976938432,0.17557993053956747,0.013195131562127288,0.16044418530271382,0.18466220371123124,0.21738232000171429,0.02262213240140303,0.20337666247297032,0.24348075146087603,0.10116135562466026,0.00766768622223545,0.09328595493015335,0.10860290527352179,6.545689916019151e-17,1.2223750032295452e-17,5.134781488891349e-17,7.28583859910259e-17,all,1.0
alie,0.25,Dsim,3,0.015341401508349622,0.0005713385309561743,0.014683373939006192,0.01571137265430283,0.01153975059833423,0.0003241749436525057,0.01126069038106956,0.011895344217183473,0.010868155071363858,0.0002669886415996694,0.010574005757886949,0.011095167646382898,0.008881027475668588,0.00047544462952737787,0.008333732389996632,0.009192073716956801,0.01534140150834963,0.0005713385309561661,0.014683373939006211,0.015711372654302842,4.654841327204432e-17,5.0555608297832755e-18,4.2500725161431774e-17,5.2215176626901896e-17,accepted,1.0
alie,0.5,DCV,3,0.029083091442010944,0.001844721652558154,0.027658893508744436,0.03116695684670005,0.0354717332526207,0.007912676158075138,0.029390875041177343,0.04441790672648194,0.02991824408982974,0.0047076153206551605,0.02461217785136947,0.033593963774959344,0.058394100960150554,0.005665812556666806,0.05188311434740846,0.062203419079800246,0.029083091442010947,0.0018447216525581483,0.027658893508744453,0.03116695684670005,2.983724378680108e-17,1.4338515319353585e-17,1.457167719820518e-17,4.302114220422482e-17,static,0.3333
alie,0.5,Dcluster,3,0.03632304420786991,0.0013890375791016064,0.03483591158491165,0.03758694965631302,0.046572810885304405,0.009240577781745552,0.04072609678644866,0.05722599512718429,0.03897880005553778,0.002367285490560977,0.03754203917474773,0.04171108943687181,0.05824105107599168,0.0049453104445512505,0.05289583846472055,0.06265366370294298,0.036323044207869894,0.001389037579101611,0.03483591158491163,0.037586949656313005,3.307539427529112e-17,9.161792769042369e-18,2.4980018054066023e-17,4.302114220422482e-17,all,1.0
alie,0.5,Dsim,3,0.01557639031894982,0.0013099505755223304,0.014080066049973788,0.016516205191133625,0.01000235263885838,0.0005670007560565743,0.009358365702501703,0.01042657368022606,0.00787083987057832,0.0006010054588811239,0.007303386510103348,0.008500550761971686,0.010268368016475167,0.0010122739756885874,0.009416912776873784,0.011387613179725836,0.015576390318949813,0.0013099505755223245,0.014080066049973788,0.016516205191133615,4.0766001685454967e-17,9.673708444604997e-18,2.975050761300224e-17,4.787836793695988e-17,dynamic,1.0
alie,1.0,DCV,3,0.025947776572273384,0.0018734750709539188,0.02381406503123198,0.02732344480401583,0.03208054015966854,0.004798096154704745,0.0286919297575091,0.037570858580769376,0.03158592186213625,0.004647064771838396,0.02884059005562689,0.036951403306808725,0.025854030005606144,0.002522204838045052,0.023251876746849687,0.02828785376409803,0.02594777657227339,0.001873475070953923,0.023814065031231985,0.027323444804015835,2.960594732333751e-17,6.296193931413691e-18,2.4980018054066023e-17,3.677613769070831e-17,accepted,0.6667
alie,1.0,Dcluster,3,0.032132962261768844,0.0029538604661551544,0.02938825593254054,0.035258949375710766,0.040665431188843686,0.00041962409384151437,0.040193241807039204,0.0409956655149462,0.039274599638721944,0.00098370314295131,0.03814115739841094,0.03990576755368806,0.02896644310524965,0.0036229349784745245,0.025274097146622827,0.03251572907248058,0.03213296226176885,0.0029538604661551553,0.029388255932540554,0.03525894937571078,3.515706244646329e-17,9.446414880257056e-18,2.7755575615628914e-17,4.5796699765787705e-17,accepted,1.0
alie,1.0,Dsim,3,0.008383492157743743,0.0007221468857941761,0.007678308512407116,0.009121483960205175,0.004932568429240635,0.0004581624532039462,0.004472988054408271,0.005389299672500765,0.0063876090942170845,0.0005549730730343608,0.006034527985789075,0.007027286140133739,0.008507910670459024,0.0008060750131282308,0.007697351536474048,0.009309425451087077,0.008383492157743736,0.0007221468857941801,0.0076783085124071,0.009121483960205169,4.2500725161431774e-17,1.3631659729394188e-17,2.7755575615628914e-17,5.4643789493269423e-17,static,1.0
gaussian_noise,0.1,DCV,3,0.23641907882193783,0.009894709047834837,0.22588160129225146,0.24551227083199406,0.036494992737226166,0.002978374225841628,0.03329007287301306,0.039177767219423065,0.03625565045540852,0.0027291652498147635,0.03314050727070174,0.038225841927163835,0.033281891662248334,0.0004860945715711491,0.03273410719465736,0.03366178892097421,0.23641907882193788,0.009894709047834826,0.2258816012922515,0.24551227083199406,6.56881956236551e-17,7.643289539180508e-18,5.689893001203927e-17,7.077671781985372e-17,accepted,1.0
gaussian_noise,0.1,Dcluster,3,0.46805181791978523,0.018981729941012385,0.44734516101746796,0.4846286374732765,0.055659491869442995,0.005545448796272714,0.05072846409168121,0.06166276297770579,0.05176899203823499,0.010503614609721252,0.04011969027729558,0.06051703927080617,0.05345879144593296,0.003788519288810311,0.04916228814770289,0.05631973023391847,0.46805181791978523,0.018981729941012385,0.44734516101746796,0.4846286374732765,5.967448757360216e-17,6.049187461416407e-18,5.551115123125783e-17,6.661338147750939e-17,static,0.3333
gaussian_noise,0.1,Dsim,3,0.16878860320116038,0.0030048697035016097,0.16538062795050273,0.1710569669893457,0.017163763174580852,0.003494566993505363,0.013831784289852739,0.020800903551270237,0.031273848177814,0.004266899173808898,0.026769676080804584,0.0352553138404701,0.053352445705396906,0.006025558853991772,0.04743188620758177,0.05947778326223498,0.1687886032011604,0.0030048697035015832,0.1653806279505028,0.1710569669893457,3.215020842143682e-17,4.0211673460266706e-18,2.8449465006019634e-17,3.642919299551295e-17,static,1.0
gaussian_noise,0.25,DCV,3,0.350935756667323,0.027377775505180717,0.3228508982928387,0.3775469224329147,0.10330436894562937,0.010591546772153905,0.09269886472836926,0.11388190287439022,0.14985639065502016,0.002721141781307865,0.14675062802028266,0.1518219358022561,0.21240216712743884,0.014315421866776921,0.19977144099266983,0.22795224032590716,0.350935756667323,0.027377775505180717,0.3228508982928387,0.3775469224329147,4.718447854656915e-17,5.5511151231257815e-18,4.163336342344337e-17,5.2735593669694933e-17,static,1.0
gaussian_noise,0.25,Dcluster,3,0.42195436707628914,0.025719877004917638,0.39243047639424955,0.4395032430576947,0.13412859102863772,0.013957042249385201,0.12206364497223372,0.14941454101651114,0.19459415643607395,0.0033071004296340105,0.1914965615518324,0.19807701507203682,0.2731038462315393,0.01909741435482531,0.2573337837587382,0.29433766326451516,0.42195436707628925,0.025719877004917627,0.3924304763942496,0.4395032430576948,6.730727086790012e-17,7.24441791896024e-18,6.245004513516506e-17,7.563394355258879e-17,static,1.0
gaussian_noise,0.25,Dsim,3,0.20064950509339008,0.0050412096520352076,0.1948914463192161,0.2042683750853654,0.012432824953138617,0.0034419525905778395,0.009565077764863176,0.01624977579820406,0.012765223944151765,0.0024208286995574856,0.010908222584616722,0.015503164055239091,0.011635471773009049,0.00138791304741128,0.010548211210759734,0.01319875933945434,0.20064950509339008,0.0050412096520352076,0.1948914463192161,0.2042683750853654,3.8221740587355646e-17,5.95981243285111e-18,3.469446951953614e-17,4.5102810375396984e-17,accepted,0.6667
gaussian_noise,0.5,DCV,3,0.5681699747818671,0.012815915767762942,0.5583346920991075,0.5826635290238038,0.03514563839573732,0.007116580093165039,0.030955648117051315,0.043362618370149784,0.02190127615836331,0.0018406266614925553,0.019870259121284133,0.02345912576267625,0.015284935974533523,0.0030807637076808686,0.011734947198004497,0.01725814687939552,0.5681699747818671,0.012815915767762942,0.5583346920991075,0.5826635290238038,3.446317305607257e-17,9.420895477811284e-18,2.3592239273284576e-17,4.0245584642661923e-17,accepted,1.0
gaussian_noise,0.5,Dcluster,3,0.6451125635468418,0.00931185357795609,0.6373468482692128,0.6554359853478546,0.04954436872150849,0.007062316859410999,0.042963376065486024,0.05700550303054308,0.03268610240235375,0.0014022521701831546,0.031139398646665838,0.03387429372852568,0.025358967098226003,0.002707713649087824,0.022336056530166615,0.027561958338365465,0.6451125635468419,0.009311853577956074,0.6373468482692128,0.6554359853478546,3.469446951953614e-17,1.1102230246251564e-17,2.3592239273284576e-17,4.5796699765787705e-17,accepted,1.0
gaussian_noise,0.5,Dsim,3,0.200292903118372,0.005020999368917429,0.194968872391838,0.20494274575780275,0.008392089960019855,0.001116930758081688,0.007103523411430834,0.00908361205036606,0.008074554318363866,0.0011084784899724263,0.006982957754640631,0.009199176640225784,0.005100441946300222,0.001007695216040009,0.0040986335461128814,0.006113922575246684,0.200292903118372,0.005020999368917429,0.194968872391838,0.20494274575780275,2.821816854255606e-17,3.994889014363705e-18,2.4806545706468343e-17,3.2612801348363975e-17,accepted,1.0
gaussian_noise,1.0,DCV,3,0.5851172434576885,0.005569226206732583,0.5790153271478162,0.5899263948762459,0.02727836118969749,0.003176418409622147,0.02388863839504061,0.03018646965358911,0.02610621543301468,0.0034706581612435213,0.02228494906471763,0.029062750419005835,0.015150619134740606,0.0012547333005012542,0.013723138230099208,0.016079020611818717,0.5851172434576885,0.005569226206732583,0.5790153271478162,0.5899263948762459,3.608224830031759e-17,6.938893903907235e-19,3.538835890992686e-17,3.677613769070831e-17,accepted,1.0
gaussian_noise,1.0,Dcluster,3,0.6903665785039145,0.0067536948992061585,0.6826629824918815,0.6952687817432128,0.03794101178909332,0.001904323931014318,0.036255210302695726,0.04000661635807274,0.03613121550001696,0.003047743988584686,0.033610548713045765,0.03951838283900684,0.026212531057463493,0.0023643054050592684,0.023714387925411785,0.028415227663654313,0.6903665785039145,0.0067536948992061585,0.6826629824918815,0.6952687817432128,3.1687615494509675e-17,5.208023942288819e-18,2.6367796834847467e-17,3.677613769070831e-17,accepted,1.0
gaussian_noise,1.0,Dsim,3,0.21550117893172346,0.003357786803811611,0.2116367687132943,0.21770629880350442,0.0047691453852805625,0.0009603503613858034,0.004119793855881938,0.005872300282689669,0.003988818478108121,0.0005736646453754195,0.0034709903697436144,0.004605477781028123,0.0017885339147705199,0.00010360448319427399,0.0016824907472407524,0.0018895140629753746,0.21550117893172346,0.0033577868038115973,0.21163676871329434,0.21770629880350448,4.079491374338791e-17,3.937032542730983e-18,3.7383290907300194e-17,4.5102810375396984e-17,accepted,1.0
label_flip,0.1,DCV,3,0.027901987774391356,0.00828284211192898,0.019633828721438696,0.03619943527132764,0.038102723570813284,0.009574374446846123,0.028538999965465585,0.047687713432242845,0.043600475616017764,0.005681176480942563,0.0372010530091998,0.04804971040144912,0.05081814245054359,0.0046713032072829225,0.04544354462021954,0.05390084909966984,0.027901987774391342,0.008282842111929005,0.01963382872143866,0.03619943527132766,6.29126380620922e-17,1.24385036157533e-17,4.85722573273506e-17,7.077671781985372e-17,all,1.0
label_flip,0.1,Dcluster,3,0.04069714549262064,0.013467838445366595,0.027679548829365457,0.05457407148499761,0.057026300502839855,0.008261606617768551,0.05009041407939037,0.06616647903650902,0.06035152396383975,0.0060155378999624245,0.05449162660459104,0.06651147240045896,0.10600460596852994,0.005705664519643759,0.09943321944284408,0.10969928206505608,0.040697145492620636,0.013467838445366595,0.027679548829365443,0.0545740714849976,5.551115123125783e-17,4.1633363423443346e-18,5.134781488891349e-17,5.967448757360216e-17,all,1.0
label_flip,0.1,Dsim,3,0.009638674443532474,0.0005995310696163749,0.009175156686119674,0.01031574329277357,0.01546976192119085,0.002670234154773449,0.01253897178384153,0.017764616042158413,0.036991871352097846,0.0027077185526732587,0.03386730702025872,0.03865194443088758,0.060814140442383396,0.0069575600538874715,0.05367439188532112,0.06757394180627181,0.009638674443532474,0.0005995310696163718,0.009175156686119679,0.010315743292773566,3.6544841227244736e-17,3.1480969657068473e-18,3.3653635433950055e-17,3.9898639947466563e-17,all,1.0
label_flip,0.25,DCV,3,0.07605712136641839,0.008933754281212725,0.06580059477591622,0.08214179058011012,0.1150266724301785,0.010023488837918723,0.10426926495747342,0.12410388489756344,0.13424845875768984,0.003072899271745096,0.13071612699391713,0.13630563008157576,0.17707813411376727,0.006847730809703365,0.1712206695499654,0.18460675757970885,0.0760571213664184,0.008933754281212732,0.06580059477591624,0.08214179058011015,6.10622663543836e-17,9.100274040305111e-18,5.2735593669694933e-17,7.077671781985372e-17,all,1.0
label_flip,0.25,Dcluster,3,0.10166463783272993,0.011838189132759674,0.09031363530578282,0.11393625751296341,0.14708930010528676,0.008980437631617476,0.13838317821915427,0.15632097164289988,0.17433144329785374,0.007314499776303844,0.16679081163758322,0.18139661308539642,0.22708331800287576,0.0054269710049518645,0.22095462450956757,0.2312796326542867,0.10166463783272993,0.011838189132759665,0.09031363530578282,0.1139362575129634,6.938893903907228e-17,1.4686870114880517e-17,5.2735593669694933e-17,8.049116928532385e-17,all,1.0
label_flip,0.25,Dsim,3,0.02017204824641031,0.002509687991648146,0.01738132330143622,0.022243742387938092,0.009573875542961666,0.000962305159841729,0.008470916688412258,0.010242156273894801,0.009327368307876886,0.0011185976040969708,0.00827748389584923,0.01050389906576029,0.008683320112642426,0.0009385000169035206,0.008016273378061,0.009756484455096833,0.020172048246410317,0.002509687991648147,0.017381323301436227,0.022243742387938102,4.8890289964613014e-17,8.470147469182947e-18,4.015884846886308e-17,5.707240235963695e-17,accepted,1.0
label_flip,0.5,DCV,3,0.027035653723974044,0.002806307135614622,0.023910147771412465,0.029339196241742933,0.025481769886056715,0.00169876638811363,0.023793063240925005,0.02719042040368954,0.031408758325180905,0.006620107962796503,0.024578204179553052,0.037796151981646334,0.04827439246435474,0.005609158120388905,0.04250385795519882,0.05370688437107968,0.027035653723974054,0.002806307135614619,0.023910147771412475,0.029339196241742933,3.908910232534405e-17,1.4984369612471034e-17,2.4980018054066023e-17,5.4817261840867107e-17,static,0.6667
label_flip,0.5,Dcluster,3,0.0353665200460293,0.006088888619916995,0.028504189075935167,0.04012277981769145,0.039409272712477204,0.0007461727396273022,0.03859757222643913,0.04006538381557444,0.040153482976402394,0.011137953537069492,0.028478840654188365,0.05066317548193352,0.05722644941982153,0.006943257350857438,0.05124921562761954,0.0648425202363041,0.03536652004602928,0.006088888619916988,0.02850418907593517,0.04012277981769144,4.9960036108132046e-17,2.7755575615628907e-18,4.718447854656915e-17,5.2735593669694933e-17,static,0.3333
label_flip,0.5,Dsim,3,0.02002421247046844,0.0033913908583290647,0.017099030392369464,0.02374157939892121,0.0069074966778799275,0.0009212177909366048,0.005890558724614357,0.0076861880032260315,0.00816722857185889,0.00043956754978999974,0.007693312072168052,0.008561578035941228,0.00936354940483612,0.0007147405450069178,0.008707517368524306,0.010125236406776067,0.020024212470468445,0.0033913908583290513,0.017099030392369482,0.023741579398921204,5.2504297206231366e-17,7.590447710662596e-18,4.4842601854000466e-17,6.002143226879753e-17,static,1.0
label_flip,1.0,DCV,3,0.030757630913043427,0.004336161739443501,0.026899841023658756,0.03545065167029111,0.03169382222001197,0.003942245351558903,0.02877675980447052,0.0361787966471021,0.03604150896447933,0.005201067943684845,0.031915522303388934,0.041883825423470175,0.03299590029430487,0.00438572386879034,0.028522553817437696,0.03728840726305381,0.030757630913043427,0.004336161739443485,0.026899841023658767,0.035450651670291086,3.4925765982999715e-17,1.472506750088421e-17,1.8041124150158794e-17,4.5102810375396984e-17,all,1.0
label_flip,1.0,Dcluster,3,0.036537513357169316,0.005187888125687284,0.03250450193773073,0.04239007138309281,0.04314780088556568,0.003289834080433164,0.03958467411584796,0.04607002372616506,0.046033231455512524,0.003997881886382072,0.04229520031652077,0.05024818009745695,0.03871321199279745,0.004921321159975835,0.034581970696621334,0.04415803905278205,0.03653751335716932,0.0051878881256872894,0.03250450193773074,0.04239007138309282,2.960594732333751e-17,1.3532325701032312e-17,2.0122792321330962e-17,4.5102810375396984e-17,all,1.0
label_flip,1.0,Dsim,3,0.012249419317038579,0.002398070336916576,0.009514163203585327,0.013990573592606189,0.0069558012657890515,0.0027448249612671205,0.004171520196212014,0.009659390717688435,0.010129063931207279,0.0010889673418865147,0.00916927111478732,0.011312485878297592,0.012057891093496928,0.0024462234981191475,0.009359724839415547,0.014130806764536999,0.012249419317038589,0.0023980703369165853,0.009514163203585328,0.013990573592606212,3.431861276640783e-17,7.704073422323978e-18,2.7668839441830072e-17,4.276093368282829e-17,static,0.6667
minmax,0.1,DCV,3,0.034559710362838204,0.002069141503934284,0.03217984552462407,0.03593275224968915,0.1498257670318827,0.0070131876904946456,0.14544675338214097,0.15791467901097356,0.06305676160190112,0.0070498517241302325,0.05518427710792286,0.0687869938854501,0.07582918741349631,0.020590400055431564,0.06298729422919787,0.09957869162089493,0.0345597103628382,0.0020691415039342928,0.03217984552462406,0.03593275224968916,5.828670879282072e-17,2.4037033579794534e-18,5.551115123125783e-17,5.967448757360216e-17,all,1.0
minmax,0.1,Dcluster,3,0.049456622093884545,0.007008967891136763,0.041711195579700454,0.055362044622863905,0.13398193318332555,0.009033636201926223,0.12387830639469224,0.1412796600478722,0.08196014855056949,0.01032985009499972,0.0737752561028664,0.0935666785309289,0.08288740981805479,0.029408405145441924,0.06014822638652838,0.11609850894170999,0.04945662209388454,0.007008967891136762,0.04171119557970045,0.055362044622863905,4.903485025427775e-17,1.6263283156521022e-17,3.053113317719181e-17,6.106226635438361e-17,all,1.0
minmax,0.1,Dsim,3,0.019194929668787462,0.0019430637953713264,0.016975100636710223,0.020587273316013163,0.06755834165434042,0.005246557655728919,0.06338287743863993,0.07344745392897763,0.0465109161313606,0.014416703213189044,0.03708403305141813,0.06310677064534499,0.03599247208889462,0.014882684270818245,0.026604866658288612,0.05315218589461951,0.019194929668787452,0.0019430637953713299,0.016975100636710205,0.02058727331601316,4.445951708638892e-17,3.774290327145611e-18,4.163336342344337e-17,4.874572967494828e-17,all,1.0
minmax,0.25,DCV,3,0.07524555350400323,0.02638914704308328,0.05101495938430277,0.10336228215968964,0.14755174349315825,0.0205063541177093,0.13038182695891526,0.17025782189489513,0.1180851402662123,0.033971843159398274,0.08341221944877546,0.1513095693662887,0.13919346851523867,0.04752701044726617,0.08693936523693961,0.17984457743843213,0.07524555350400323,0.02638914704308327,0.05101495938430276,0.10336228215968961,5.412337245047638e-17,8.694409141350492e-18,4.5796699765787705e-17,6.314393452555578e-17,all,1.0
minmax,0.25,Dcluster,3,0.08568267958198002,0.027751063911905,0.0603136672137349,0.11532098937583882,0.18970759882161672,0.035779302520572855,0.16697758109691535,0.23095016129089352,0.1412853303869547,0.04188918116893924,0.09656863131375086,0.17961290398114976,0.16637978813449392,0.0579313744802591,0.10326610148008561,0.21713405490441265,0.08568267958198002,0.027751063911905,0.0603136672137349,0.11532098937583882,5.66676335485757e-17,1.4259947520761978e-17,4.302114220422482e-17,7.147060721024446e-17,all,1.0
minmax,0.25,Dsim,3,0.04899340439749663,0.02276224750780163,0.023609863173698058,0.0675908322811321,0.037811635765372255,0.010065488157883771,0.030713004894869677,0.04933096573509958,0.03425767961173323,0.004802854247972986,0.030725324966607744,0.03972645898191971,0.018288849774051638,0.005373559184011057,0.013081503263692812,0.023814473584059092,0.048993404397496616,0.022762247507801626,0.02360986317369805,0.06759083228113208,5.006122831089736e-17,1.0645106028104605e-17,3.981190377366772e-17,6.106226635438361e-17,accepted,1.0
minmax,0.5,DCV,3,0.03186022865996686,0.003314910974356777,0.028144611587359016,0.03451445234882617,0.03624216647937614,0.004082466050070968,0.03288498176296262,0.040786681400195444,0.021526871363797138,0.0021486871070864806,0.019588535628969846,0.0238373062510388,0.028369338469235793,0.0037003929378223066,0.02464072467114131,0.032040849632548635,0.03186022865996685,0.0033149109743567896,0.02814461158735898,0.03451445234882615,3.95516952522712e-17,6.0491874614164095e-18,3.538835890992686e-17,4.649058915617843e-17,dynamic,1.0
minmax,0.5,Dcluster,3,0.05890891739685592,0.005633036592359465,0.05242121745123187,0.06255701149457646,0.05173654953231246,0.005312606692291147,0.0485843179337873,0.05787022683186457,0.03233285728240618,0.0035505120363460295,0.028430744346627866,0.035373074756557356,0.0400665528445845,0.00494904830993029,0.03529746106076414,0.04517780037806581,0.058908917396855914,0.005633036592359452,0.052421217451231884,0.06255701149457646,3.885780586188048e-17,2.4037033579794534e-18,3.7470027081099036e-17,4.163336342344337e-17,dynamic,1.0
minmax,0.5,Dsim,3,0.07395594947034297,0.0031755639723608444,0.07034822597918458,0.0763276623857406,0.007618445798240996,0.0010180277643317647,0.006671246721218463,0.008694947451789253,0.007255104570490156,0.0005279078802348304,0.006734832738757937,0.007790330736717003,0.004828796281207141,0.0005556232515531476,0.00418722179637714,0.0051515413228540126,0.07395594947034297,0.0031755639723608366,0.0703482259791846,0.0763276623857406,4.3541559247017867e-17,7.552026556556593e-18,3.5301622736128027e-17,5.013350845572972e-17,accepted,1.0
minmax,1.0,DCV,3,0.07227610263426125,0.009385471607164195,0.06146811120107585,0.07837116142614337,0.04726052502955086,0.004789324102211323,0.041730359195952124,0.05004958180075998,0.03980796697868411,0.002182874814198328,0.03837579061539547,0.0423203278575516,0.03514862242756817,0.007033304190795733,0.0283629801827326,0.04240585325058603,0.07227610263426125,0.009385471607164199,0.061468111201075835,0.07837116142614335,3.4000580129145415e-17,8.180835260989948e-18,2.706168622523819e-17,4.302114220422482e-17,accepted,0.6667
minmax,1.0,Dcluster,3,0.1135573015785966,0.013750769564474139,0.09878863569870841,0.1259912428906264,0.05702077253079421,0.005887336413737667,0.05205159858721349,0.0635229723245661,0.054066002703279915,0.0030841100979029415,0.05053237131338225,0.05621599198321904,0.05699363254970816,0.008824662829334884,0.04762753640372862,0.06515257709550104,0.1135573015785966,0.013750769564474139,0.09878863569870841,0.1259912428906264,2.636779683484747e-17,8.412961752928093e-18,1.6653345369377347e-17,3.122502256758253e-17,dynamic,0.3333
minmax,1.0,Dsim,3,0.0664319418883524,0.002210821260591818,0.06491184220473276,0.06896814019247595,0.010828586244766097,0.0044284589580072765,0.005780824484947334,0.014060509958717615,0.009382719381914999,0.004746175915619548,0.00624990898084801,0.014843390888857434,0.006641779314955433,0.0015929801944895461,0.005375189860152665,0.008430236050376806,0.06643194188835241,0.002210821260591823,0.06491184220473276,0.06896814019247596,3.9898639947466563e-17,5.16571990715201e-18,3.4867941867133825e-17,4.5189546549195826e-17,accepted,0.6667
on_off,0.1,DCV,3,0.036508012270878985,0.007263620565243637,0.03106795710550978,0.044756559869276215,0.037838073871367395,0.0023915610436612855,0.03634444413129493,0.04059644706152178,0.04742805687085494,0.005370723187309131,0.04138598227952524,0.051659329073182936,0.06783901528825703,0.01051765160475626,0.056042823902514624,0.076238789791894,0.036508012270879,0.0072636205652436385,0.031067957105509792,0.04475655986927623,6.013708050052931e-17,9.74743781324629e-18,4.9960036108132046e-17,6.938893903907228e-17,all,0.6667
on_off,0.1,Dcluster,3,0.0716399399067939,0.0076855559573211826,0.06675004561916979,0.08049850309500797,0.05072929125604451,0.007770612914658089,0.04500951122445725,0.0595762934607104,0.05106603027623854,0.006188631654554933,0.04566510673897843,0.057818859311573524,0.09285418686819887,0.011416142350639485,0.0801357245578885,0.10221489158078803,0.07163993990679392,0.007685555957321177,0.06675004561916982,0.08049850309500797,5.088522196198634e-17,5.254045666869518e-18,4.718447854656915e-17,5.689893001203927e-17,static,0.6667
on_off,0.1,Dsim,3,0.07213231429728036,0.0043438288886941175,0.06720461701193578,0.07540684105872689,0.0163452272387219,0.005953981009796771,0.011631108479097823,0.02303618822160949,0.03067028526476359,0.005234557492254821,0.025977938964866266,0.03631600486704491,0.052927105218119254,0.007172175606347592,0.04600355450228695,0.060324415741964045,0.07213231429728036,0.0043438288886941305,0.06720461701193577,0.0754068410587269,3.9089102325344056e-17,3.991120842783738e-18,3.50414142147315e-17,4.302114220422482e-17,static,1.0
on_off,0.25,DCV,3,0.0873066763520798,0.015909229850446648,0.06894578833721421,0.09699891906361069,0.11626837799745711,0.022317660534043143,0.09309522828692801,0.13761875442192822,0.13735763078150456,0.009261033114181009,0.12734294985792913,0.14561248703866386,0.160342710384038,0.03131292419226512,0.12788059035124422,0.19036352361443074,0.08730667635207982,0.015909229850446627,0.06894578833721424,0.09699891906361066,5.019133257159562e-17,1.6454593624530474e-17,3.191891195797325e-17,6.38378239159465e-17,all,1.0
on_off,0.25,Dcluster,3,0.09234387796478528,0.0069211753052130336,0.0864895394102809,0.09998249157179702,0.14828077615694865,0.025753673263770736,0.12401866594597082,0.17530358040952682,0.1759995193669992,0.014848789025769126,0.1590340698523205,0.18663088965244867,0.21035345475998393,0.0403285346497434,0.16733349720753687,0.24730212344613162,0.09234387796478528,0.006921175305213025,0.08648953941028092,0.09998249157179702,5.3198186596622086e-17,1.1131104755993994e-17,4.163336342344337e-17,6.38378239159465e-17,all,1.0
on_off,0.25,Dsim,3,0.08249893431439077,0.004895101026305714,0.07756124515999965,0.08735030557951566,0.010850887691753025,0.0031579102464422367,0.009023663650115341,0.01449732542066794,0.01164451288715366,0.0033699940713461875,0.009562687092524693,0.015532592983900162,0.011450216296500027,0.002782018345205625,0.009099929615037281,0.014521867074407635,0.08249893431439077,0.004895101026305735,0.07756124515999964,0.08735030557951569,4.163336342344337e-17,1.2447774200917581e-17,3.0357660829594124e-17,5.4990734188464784e-17,static,1.0
on_off,0.5,DCV,3,0.0963573354380091,0.007676268226206529,0.09012279903092635,0.10493106868058791,0.032407134389871535,0.006573696229946463,0.028291367059869076,0.03998849762735022,0.02160111148121542,0.003911386985421881,0.01763362036154455,0.02545386983159758,0.027228255826433293,0.0014928282890835202,0.02568771820939828,0.02866829637857925,0.09635733543800912,0.007676268226206537,0.09012279903092635,0.10493106868058792,2.775557561562891e-17,3.671717528720128e-18,2.4980018054066023e-17,3.191891195797325e-17,dynamic,1.0
on_off,0.5,Dcluster,3,0.061147656579935365,0.010518557164520605,0.05040882155321928,0.07143114689749763,0.044278460537254566,0.007867098577141882,0.038808026849478074,0.05329436257252105,0.031241327998494762,0.006572688713600576,0.02565912254615338,0.03848546043956519,0.04076520615681065,0.003463406425551204,0.037080593569727996,0.04395395466258517,0.06114765657993535,0.010518557164520615,0.05040882155321926,0.07143114689749763,3.1918911957973254e-17,1.2719202621569002e-17,2.0816681711721685e-17,4.5796699765787705e-17,dynamic,0.6667
on_off,0.5,Dsim,3,0.08231207201980861,0.0009042698146872513,0.08127935407401787,0.08296193803778336,0.008159005408185305,0.0023754562439684797,0.005880449880947507,0.010620754683398839,0.00743259992469002,0.0019433470008248174,0.005584078675429278,0.009458597568253875,0.006029983246867343,0.0016074389981522662,0.0042343110114182545,0.00733467443695638,0.08231207201980863,0.0009042698146872592,0.08127935407401787,0.08296193803778337,3.252606517456513e-17,5.290906601729263e-18,2.723515857283587e-17,3.7816971776294396e-17,accepted,1.0
on_off,1.0,DCV,3,0.10210475035184892,0.0037142723527679574,0.09813099577411745,0.10548904491107633,0.029909418117302192,0.0024141951049663746,0.02716579497585438,0.03170870722910588,0.027831256660006316,0.002384932446622447,0.026130627635318187,0.030557417238861108,0.016269131325695966,0.0010763461293355559,0.015099528162381007,0.017217996528728012,0.10210475035184892,0.0037142723527679774,0.09813099577411744,0.10548904491107636,2.4980018054066023e-17,6.6192829094101716e-18,1.8735013540549518e-17,3.191891195797325e-17,accepted,1.0
on_off,1.0,Dcluster,3,0.06397790037130195,0.001749543351291048,0.061977237850120104,0.0652209537884844,0.038167798598513165,0.005810024323268116,0.03215926032501987,0.04375653740986266,0.036738950913061445,0.005986360974083042,0.03172028935086531,0.043364869456509025,0.02766210845906202,0.0025233252774912673,0.025026990700843233,0.03005636890140348,0.06397790037130197,0.0017495433512910283,0.06197723785012014,0.0652209537884844,3.538835890992687e-17,5.679729445007587e-18,2.914335439641036e-17,4.0245584642661923e-17,accepted,1.0
on_off,1.0,Dsim,3,0.08092541139048438,0.0009839177261434257,0.0798743601756445,0.08182451777853544,0.005304677907230972,0.0013433786969410672,0.0038095385090768123,0.006410137196070723,0.003866475621200585,0.0004598498905633049,0.0035591916222706627,0.004395143392916348,0.0018490813497193705,9.31429515652359e-05,0.0017510120641531974,0.0019363576039707147,0.08092541139048438,0.0009839177261434257,0.0798743601756445,0.08182451777853544,3.9956464063332453e-17,1.7496071599681263e-17,1.9949319973733282e-17,5.238864897449957e-17,accepted,1.0
sign_flip,0.1,DCV,3,0.3492824623803685,0.004296808009758608,0.3457777303300243,0.35407624238824553,0.0409113260829674,0.0027084272471427154,0.03814504383268141,0.04355793071643962,0.042335929874272676,0.0028370419202558648,0.039291850091675,0.044906297274117456,0.03607941626252228,0.005564841918468196,0.02969458830311499,0.03989868311501109,0.34928246238036836,0.004296808009758617,0.3457777303300243,0.35407624238824553,7.494005416219808e-17,5.5511151231257815e-18,6.938893903907228e-17,8.049116928532385e-17,accepted,1.0
sign_flip,0.1,Dcluster,3,0.310007633217078,0.0037081306748157844,0.3065754218698686,0.3139407587490906,0.05869694686401642,0.005838510750944873,0.05401530799020202,0.06523894481180498,0.059693010261324196,0.005916929510238622,0.05623611292215648,0.06652512921992301,0.04801808507568508,0.0053320469046468895,0.043407096586252636,0.05385696481537572,0.310007633217078,0.0037081306748157844,0.3065754218698686,0.3139407587490906,5.1347814888913486e-17,5.0037075531084026e-18,4.5796699765787705e-17,5.551115123125783e-17,accepted,1.0
sign_flip,0.1,Dsim,3,0.18445357670114185,0.0007631660135141614,0.1837903686481095,0.185287712988292,0.017278485018138123,0.004114366632607546,0.012866891633453021,0.021011172552573305,0.03215030303540494,0.005554827361540054,0.026692284589357063,0.03779712530906541,0.05555515338935402,0.007783855565671555,0.049859178425310464,0.06442437906413796,0.1844535767011419,0.0007631660135141797,0.1837903686481095,0.18528771298829202,3.550400714165865e-17,1.5644602810528955e-18,3.400058012914542e-17,3.712308238590367e-17,static,1.0
sign_flip,0.25,DCV,3,0.4329919261847996,0.010189910429047795,0.42299386865503524,0.44336342261134887,0.1227122235504287,0.013240839875886512,0.11010673166636353,0.13650803437870387,0.1399179640854773,0.008827053812946222,0.1316079923069841,0.14918422729034017,0.2003032068797643,0.00820527048467722,0.19251246020220622,0.20886812659707985,0.4329919261847995,0.010189910429047797,0.42299386865503524,0.44336342261134887,5.4585965377403533e-17,1.2894648186958471e-17,4.5796699765787705e-17,6.938893903907228e-17,static,0.6667
sign_flip,0.25,Dcluster,3,0.23373215230017377,0.0180546668947005,0.21288494890464849,0.24428451586260475,0.15711892477011305,0.016916678415752083,0.1419827323001342,0.1753802790098356,0.18081147027299335,0.012532631944961924,0.17007528960122173,0.19458299335420343,0.2574302961519254,0.011650188016829858,0.24489774237187295,0.26793074387460064,0.23373215230017377,0.018054666894700526,0.21288494890464843,0.24428451586260475,6.268134159862863e-17,1.6658163348754692e-17,4.4408920985006264e-17,7.702172233337023e-17,static,0.6667
sign_flip,0.25,Dsim,3,0.21011592662759848,0.0015880657803929753,0.2083029300005094,0.21126061676610314,0.012069465020352532,0.0011761020259603429,0.011208970454129918,0.013409590208236802,0.012758524803115574,0.0021415488089501626,0.011176275837005076,0.015195431002574172,0.01064377530777578,0.001947377929741732,0.009417008462221117,0.012889201355986372,0.21011592662759848,0.0015880657803929855,0.2083029300005094,0.21126061676610317,3.5793127720988125e-17,3.8995925239129234e-18,3.243932900076629e-17,4.0072112295064246e-17,accepted,1.0
sign_flip,0.5,DCV,3,0.6230289377385926,0.00749586124361749,0.6147915687135281,0.6294491976772728,0.042651461974708677,0.007734496961614536,0.03509691012162158,0.05055414733226489,0.024410915339939526,0.0018400305853315607,0.02229398852295121,0.025626471694145454,0.012549223220615116,0.0008355063332671348,0.01172704696481781,0.013397450326679564,0.6230289377385926,0.007495861243617538,0.6147915687135281,0.6294491976772729,2.9374650859873934e-17,7.222229756833249e-18,2.3592239273284576e-17,3.7470027081099036e-17,accepted,1.0
sign_flip,0.5,Dcluster,3,0.4116121132991835,0.018724858968848266,0.3982594186226176,0.4330159689827048,0.058998982058180736,0.013399980747693364,0.04519924100385027,0.07195978025061492,0.033067872628470336,0.0036902657350971675,0.02880995283185498,0.035340535170544606,0.020586387938201143,0.0003866015562885711,0.020200926467561903,0.02097411958201665,0.4116121132991835,0.018724858968848266,0.3982594186226176,0.4330159689827048,4.209595635037052e-17,1.6787726127402295e-17,2.914335439641036e-17,6.106226635438361e-17,accepted,1.0
sign_flip,0.5,Dsim,3,0.20915520822062525,0.002563401919479019,0.20633135764023364,0.21133552815259388,0.007398538694692529,0.0004059446519587154,0.007028256710349642,0.00783259633859142,0.007128990897521731,0.0006745750111023738,0.006443634172700166,0.007792240726863307,0.0032411734686885827,0.0004043105572061871,0.0027759852268872502,0.0035079282604801474,0.20915520822062525,0.002563401919479019,0.20633135764023364,0.21133552815259388,4.244290104556588e-17,7.5027208139139e-18,3.495467804093266e-17,4.9960036108132046e-17,accepted,1.0
sign_flip,1.0,DCV,3,0.6432211567305799,0.029903092277736538,0.6116598076584443,0.6711305517816456,0.0322586948228791,0.0027813121458064223,0.02979528989168671,0.03527489283656251,0.02986846029466239,0.001949898512749397,0.02763912213885226,0.03125633762703487,0.017574155511345415,0.0016433093647615336,0.01639922039453849,0.019452014976025174,0.6432211567305798,0.029903092277736597,0.6116598076584442,0.6711305517816456,3.400058012914542e-17,6.619282909410174e-18,2.706168622523819e-17,4.0245584642661923e-17,accepted,1.0
sign_flip,1.0,Dcluster,3,0.4628248837873759,0.05296415611797498,0.4064370228130011,0.5115251226780805,0.04171067097073791,0.003218953841490217,0.03859952525132135,0.04502756238995257,0.03995388026184889,0.00033199259601066663,0.03957159211801105,0.04016974103089076,0.02953219119808895,0.004430172527314519,0.026930905944790372,0.03464746551010458,0.4628248837873759,0.05296415611797498,0.4064370228130011,0.5115251226780805,3.2612801348363975e-17,1.1590237858689946e-17,2.2204460492503132e-17,4.5102810375396984e-17,accepted,1.0
sign_flip,1.0,Dsim,3,0.21868526440250471,0.011837718562924171,0.2051745686884971,0.2272371107336581,0.005624338770444271,0.00152406306488375,0.004171957919986741,0.007211174665457805,0.004190356041849184,0.0004684006067206165,0.0036847178444350823,0.00460944792354583,0.0019624784636456992,0.000162686824747188,0.0017779055622291727,0.002085040911337318,0.21868526440250466,0.011837718562924138,0.2051745686884971,0.22723711073365807,3.157196726277789e-17,9.55358695834849e-18,2.4806545706468343e-17,4.2500725161431774e-17,accepted,1.0
slow_poison,0.1,DCV,3,0.037481900842335415,0.002817851268244263,0.03423360262952792,0.03926946601419644,0.0466881333911827,0.006588660956589095,0.03990905606166284,0.05306824660294425,0.06277203483462972,0.012341643261791336,0.050774863729435515,0.0754314816307778,0.10312442472550075,0.02428876352005456,0.08795535357424455,0.13113855877097716,0.03748190084233541,0.002817851268244265,0.03423360262952791,0.03926946601419643,6.059967342745647e-17,4.006172263299091e-18,5.828670879282072e-17,6.522560269672795e-17,all,1.0
slow_poison,0.1,Dcluster,3,0.03935219187547744,0.010729305431552328,0.0271932641001044,0.04749038147546388,0.05723292536760529,0.0026246920997457673,0.055087726124634064,0.06015960124815756,0.059471617304609446,0.005985749318600631,0.05452994263232027,0.06612743773272342,0.08721730911564224,0.010256555002585164,0.0779727552350747,0.0982505600991598,0.03935219187547744,0.010729305431552334,0.0271932641001044,0.047490381475463896,4.85722573273506e-17,6.359601310784501e-18,4.302114220422482e-17,5.551115123125783e-17,all,1.0
slow_poison,0.1,Dsim,3,0.0680616310431111,0.003019133575884618,0.06504742192963098,0.07108566510190255,0.016614693048697685,0.002884648023738694,0.01372667118781427,0.01949595535560566,0.03662986179233108,0.003930437749077271,0.032115820446685255,0.03929420782248108,0.05487476909549744,0.002517304035511015,0.05261494693145996,0.05758794340496567,0.06806163104311108,0.0030191335758846037,0.065047421929631,0.07108566510190255,3.550400714165865e-17,6.228921549618458e-18,2.8449465006019634e-17,4.0245584642661923e-17,static,1.0
slow_poison,0.25,DCV,3,0.08061942230415163,0.005457182667004612,0.07439224040966227,0.08456817605035441,0.10795354012150166,0.005198677810748716,0.10196098312270911,0.11125509954420938,0.1456592473558128,0.013752683258806858,0.1312612711176288,0.15865995995996812,0.2002834608270019,0.01423042547218585,0.18901130348782033,0.21627371067588017,0.0806194223041516,0.0054571826670046005,0.07439224040966226,0.08456817605035438,5.643633708511213e-17,9.240286478306148e-18,4.85722573273506e-17,6.661338147750939e-17,all,1.0
slow_poison,0.25,Dcluster,3,0.09488157444170287,0.00832353493725529,0.08532148650106872,0.10051880729273158,0.1349754284336526,0.010013525883833797,0.1234520056857649,0.1415610006916708,0.18445292341721653,0.017614482971156743,0.16456299243909153,0.19808068602331358,0.24534118606717562,0.01984302406059755,0.22890447836944555,0.26738421292895453,0.09488157444170282,0.008323534937255288,0.0853214865010687,0.10051880729273158,6.059967342745646e-17,3.4925000092272726e-18,5.689893001203927e-17,6.38378239159465e-17,all,1.0
slow_poison,0.25,Dsim,3,0.08037004839996885,0.005807686721783433,0.07481920159308035,0.08640435195665921,0.011891083314799508,0.0024145121987105968,0.009193946910122633,0.013851174671766869,0.009817648218816954,0.0012026295768478685,0.008428996812082163,0.010519278170222229,0.010296461764125278,0.0011323552704238357,0.009394930760287688,0.011567385692993605,0.08037004839996886,0.00580768672178344,0.07481920159308035,0.08640435195665923,3.0704605524789484e-17,5.564651146936438e-18,2.723515857283587e-17,3.712308238590367e-17,dynamic,0.6667
slow_poison,0.5,DCV,3,0.04914189414580842,0.0042501126266512555,0.046133477838012235,0.054004008020309746,0.03075590902159674,0.010123965073053989,0.021413002926536934,0.041512363965148354,0.02357288243297824,0.002422145527064773,0.020793955810135566,0.025236141421724922,0.02174003850736408,0.0047554005671922375,0.016253289007804823,0.02467187943784181,0.04914189414580842,0.0042501126266512425,0.04613347783801226,0.05400400802030973,3.515706244646329e-17,5.608641168618727e-18,2.914335439641036e-17,4.0245584642661923e-17,accepted,0.6667
slow_poison,0.5,Dcluster,3,0.05833110148610715,0.004898638919656115,0.05379545923338218,0.06352597322386015,0.04485183624450504,0.012113582549639346,0.033163759644172494,0.05735023636422215,0.03562943016536697,0.0037870118766912503,0.032092036528308346,0.03962446784876254,0.03282721949701977,0.00954165824571804,0.022122540076752604,0.0404380146439642,0.058331101486107144,0.004898638919656127,0.05379545923338216,0.06352597322386015,3.8163916471489756e-17,4.2207643840401636e-18,3.3306690738754695e-17,4.093947403305265e-17,accepted,0.6667
slow_poison,0.5,Dsim,3,0.08768449657502624,0.001300294559626066,0.08625649805674107,0.08880021851914527,0.007879650686155253,0.0014273757101500723,0.006259136149498586,0.008950389998566751,0.007841682919974289,0.0018751201899536432,0.005679604256361782,0.009023407980836132,0.008340542108774917,0.0017109424771397774,0.0063695389666108045,0.009443022824432379,0.08768449657502624,0.0013002945596260718,0.08625649805674107,0.08880021851914528,4.328135072562134e-17,3.156052745301911e-18,3.9638431426070045e-17,4.5189546549195826e-17,static,0.6667
slow_poison,1.0,DCV,3,0.0939249988741986,0.009642545920227301,0.08802883817137455,0.10505263658212738,0.03159929230464332,0.0036230103724729274,0.028250177087947442,0.03544497280403601,0.03179539001443953,0.0041022436303195225,0.02736467730653357,0.035461605244195935,0.027825557206524975,0.005761597215148176,0.024234521999394944,0.03447126574194696,0.0939249988741986,0.009642545920227305,0.08802883817137455,0.10505263658212738,3.1918911957973254e-17,1.2334847611810679e-17,1.8041124150158794e-17,4.163336342344337e-17,accepted,0.6667
slow_poison,1.0,Dcluster,3,0.11884400754740132,0.016044133961385258,0.1088420758491598,0.13734998195996473,0.039138194717719184,0.007297703754087761,0.03441507501159508,0.04754339463812833,0.0439013777590316,0.0070275865086419,0.035809683253066736,0.04847668903633414,0.04965845494754739,0.00899713587682057,0.04431497942169292,0.06004601450497051,0.1188440075474013,0.016044133961385244,0.10884207584915977,0.1373499819599647,3.307539427529112e-17,1.0599335517974193e-18,3.191891195797325e-17,3.400058012914542e-17,static,0.6667
slow_poison,1.0,Dsim,3,0.08588568297855732,0.003950454828680555,0.08192376470722104,0.08982457369165209,0.0046331387321075276,0.0013573633048189165,0.003423711232990352,0.0061012174013572685,0.008285613767071376,0.0012224874289102157,0.006877990008387505,0.009081197261496778,0.012159473501600205,0.0010821340126967894,0.011513261921708066,0.013408766079913089,0.08588568297855732,0.003950454828680548,0.08192376470722104,0.08982457369165207,4.180683577104106e-17,6.009258394948637e-18,3.4867941867133825e-17,4.527628272299467e-17,static,1.0
