config,attack,alpha,seed,avg_DR,avg_FPR,final_acc,avg_ASR,n_rounds,warmup_ok,timestamp
C2,gaussian_noise,0.1,42,1.0,0.24968789928252005,0.625,,40,True,2026-06-30T03:17:23.573934
C2,gaussian_noise,0.1,123,1.0,0.2816921593198683,0.634,,40,True,2026-06-30T03:47:17.768476
C2,gaussian_noise,0.1,777,1.0,0.29502536743442315,0.5765,,40,True,2026-06-30T04:17:18.185971
C2,gaussian_noise,1.0,42,1.0,0.0,0.7945,,40,True,2026-06-30T04:46:43.175572
C2,gaussian_noise,1.0,123,1.0,0.0,0.7795,,40,True,2026-06-30T05:16:21.057480
C2,gaussian_noise,1.0,777,1.0,0.0,0.7875,,40,True,2026-06-30T05:45:28.844801
C2,sign_flip,0.1,42,1.0,0.34077738889077897,0.654,,40,True,2026-06-30T06:14:46.965562
C2,sign_flip,0.1,123,1.0,0.2615572596608907,0.6265,,40,True,2026-06-30T06:44:06.562386
C2,sign_flip,0.1,777,1.0,0.29989532655167334,0.651,,40,True,2026-06-30T07:13:31.937063
C2,sign_flip,1.0,42,1.0,0.0,0.7815,,40,True,2026-06-30T07:42:26.150325
C2,sign_flip,1.0,123,1.0,0.0,0.7955,,40,True,2026-06-30T08:11:56.809749
C2,sign_flip,1.0,777,1.0,0.0,0.775,,40,True,2026-06-30T08:41:08.167500
C2,label_flip,0.1,42,0.4272619047619048,0.34541064671482624,0.5375,,40,True,2026-06-30T09:11:45.919348
C2,label_flip,0.1,123,0.32379960317460316,0.3230264540026537,0.621,,40,True,2026-06-30T09:42:28.735875
C2,label_flip,0.1,777,0.39532738095238096,0.3703656352892034,0.5935,,40,True,2026-06-30T10:13:16.522716
C2,label_flip,1.0,42,0.008571428571428572,0.011611519607843138,0.731,,40,True,2026-06-30T10:43:50.868487
C2,label_flip,1.0,123,0.006696428571428571,0.0059967320261437905,0.695,,40,True,2026-06-30T11:14:41.442314
C2,label_flip,1.0,777,0.025684523809523806,0.01600533195734434,0.7305,,40,True,2026-06-30T11:45:32.526471
C2,alie,0.1,42,0.3005654761904762,0.37394885805199274,0.465,,40,True,2026-06-30T12:16:53.033613
C2,alie,0.1,123,0.3915773809523809,0.36850715944272444,0.587,,40,True,2026-06-30T12:47:52.961391
C2,alie,0.1,777,0.3071626984126984,0.4023312263501892,0.1025,,40,True,2026-06-30T13:19:10.250295
C2,alie,1.0,42,0.0,0.004330065359477124,0.7365,,40,True,2026-06-30T13:50:15.574309
C2,alie,1.0,123,0.0,0.008736132610939112,0.6885,,40,True,2026-06-30T14:21:19.912240
C2,alie,1.0,777,0.0,0.007628676470588236,0.7245,,40,True,2026-06-30T14:52:38.112391
C2,on_off,0.1,42,0.45627976190476194,0.28920912882696936,0.666,,40,True,2026-06-30T15:23:30.019303
C2,on_off,0.1,123,0.4628075396825396,0.3447614286942847,0.678,,40,True,2026-06-30T15:54:08.229336
C2,on_off,0.1,777,0.47850198412698414,0.3417563363064524,0.616,,40,True,2026-06-30T16:24:58.162167
C2,on_off,1.0,42,0.2,0.012845609735122119,0.789,,40,True,2026-06-30T16:55:20.755645
C2,on_off,1.0,123,0.2,0.01042892156862745,0.801,,40,True,2026-06-30T17:25:41.353209
C2,on_off,1.0,777,0.2,0.012123000515995871,0.7895,,40,True,2026-06-30T17:56:28.691524
C2,minmax,0.1,42,0.20459686147186149,0.1568730319388214,0.103,,40,True,2026-06-30T18:27:58.913722
C2,minmax,0.1,123,0.5400396825396825,0.2968266714580569,0.091,,40,True,2026-06-30T18:58:35.614255
C2,minmax,0.1,777,0.631170634920635,0.44521989716939403,0.1025,,40,True,2026-06-30T19:28:54.442623
C2,minmax,1.0,42,0.9350090187590187,0.019356156936458792,0.522,,40,True,2026-06-30T19:59:34.836127
C2,minmax,1.0,123,0.923531746031746,0.02125408496732026,0.413,,40,True,2026-06-30T20:30:34.813583
C2,minmax,1.0,777,0.9110606060606061,0.026726912256130518,0.462,,40,True,2026-06-30T21:01:11.586438
C2,slow_poison,0.1,42,0.7871130952380953,0.3908619281045752,0.552,,40,True,2026-06-30T21:32:03.340556
C2,slow_poison,0.1,123,0.8184208152958152,0.4096043157478916,0.599,,40,True,2026-06-30T22:02:44.045463
C2,slow_poison,0.1,777,0.7728571428571429,0.43342509152783915,0.636,,40,True,2026-06-30T22:33:44.821674
C2,slow_poison,1.0,42,0.7132837301587301,0.0015625,0.7955,,40,True,2026-06-30T23:04:27.302148
C2,slow_poison,1.0,123,0.7835416666666666,0.0,0.7735,,40,True,2026-06-30T23:35:26.967863
C2,slow_poison,1.0,777,0.7154365079365079,0.002951388888888889,0.7905,,40,True,2026-07-01T00:06:40.741813
C3,gaussian_noise,0.1,42,1.0,0.2653020241497409,0.5965,,40,True,2026-07-01T00:33:59.136580
C3,gaussian_noise,0.1,123,1.0,0.29663048552754434,0.666,,40,True,2026-07-01T01:01:33.644620
C3,gaussian_noise,0.1,777,1.0,0.30437000896849964,0.5675,,40,True,2026-07-01T01:28:23.770599
C3,gaussian_noise,1.0,42,1.0,0.0,0.7975,,40,True,2026-07-01T01:55:06.885911
C3,gaussian_noise,1.0,123,1.0,0.0,0.7995,,40,True,2026-07-01T02:21:59.944021
C3,gaussian_noise,1.0,777,1.0,0.0013157894736842105,0.7965,,40,True,2026-07-01T02:48:22.763059
C3,sign_flip,0.1,42,1.0,0.2725391757580225,0.6225,,40,True,2026-07-01T03:14:50.680452
C3,sign_flip,0.1,123,1.0,0.2916212358762668,0.6325,,40,True,2026-07-01T03:41:34.163788
C3,sign_flip,0.1,777,0.9875,0.3111967855630781,0.1045,,40,True,2026-07-01T04:08:05.802315
C3,sign_flip,1.0,42,1.0,0.0,0.7935,,40,True,2026-07-01T04:34:21.274729
C3,sign_flip,1.0,123,1.0,0.0,0.7985,,40,True,2026-07-01T05:00:38.562515
C3,sign_flip,1.0,777,1.0,0.0,0.772,,40,True,2026-07-01T05:27:06.529139
C3,label_flip,0.1,42,0.32031746031746033,0.36355986473536783,0.567,,40,True,2026-07-01T05:54:29.542025
C3,label_flip,0.1,123,0.3595436507936508,0.3554935899798516,0.648,,40,True,2026-07-01T06:22:07.115242
C3,label_flip,0.1,777,0.32796626984126986,0.3533935328517372,0.6095,,40,True,2026-07-01T06:50:02.574511
C3,label_flip,1.0,42,0.012540584415584416,0.012091933264533884,0.754,,40,True,2026-07-01T07:17:50.879592
C3,label_flip,1.0,123,0.0,0.0142734440267335,0.647,,40,True,2026-07-01T07:45:39.824014
C3,label_flip,1.0,777,0.04020833333333333,0.0029411764705882353,0.601,,40,True,2026-07-01T08:13:32.190564
C3,alie,0.1,42,0.2812202380952381,0.35627443301882156,0.453,,40,True,2026-07-01T08:42:15.129105
C3,alie,0.1,123,0.334672619047619,0.43099048171900345,0.4155,,40,True,2026-07-01T09:10:46.120482
C3,alie,0.1,777,0.3348511904761905,0.3917404627321423,0.624,,40,True,2026-07-01T09:39:42.923924
C3,alie,1.0,42,0.0,0.012419314216914836,0.736,,40,True,2026-07-01T10:08:00.437297
C3,alie,1.0,123,0.0,0.010116129785247433,0.7445,,40,True,2026-07-01T10:36:32.017300
C3,alie,1.0,777,0.0,0.007353801169590643,0.74,,40,True,2026-07-01T11:04:54.891445
C3,on_off,0.1,42,0.4976984126984127,0.3324990478647599,0.5835,,40,True,2026-07-01T11:32:30.383075
C3,on_off,0.1,123,0.4813492063492063,0.3268140940586761,0.6245,,40,True,2026-07-01T12:00:11.451497
C3,on_off,0.1,777,0.43156926406926405,0.34051768278161465,0.6275,,40,True,2026-07-01T12:28:01.142669
C3,on_off,1.0,42,0.2,0.007874358076563958,0.806,,40,True,2026-07-01T12:55:32.402288
C3,on_off,1.0,123,0.2,0.005703044375644994,0.7825,,40,True,2026-07-01T13:23:58.338196
C3,on_off,1.0,777,0.2,0.012038398692810457,0.785,,40,True,2026-07-01T13:52:01.802775
C3,minmax,0.1,42,0.26696879509379506,0.17508678724526247,0.105,,40,True,2026-07-01T14:19:49.502120
C3,minmax,0.1,123,0.26109126984126985,0.1511488893803135,0.1005,,40,True,2026-07-01T14:48:05.337071
C3,minmax,0.1,777,0.4336805555555555,0.3013693854734877,0.1055,,40,True,2026-07-01T15:16:01.417445
C3,minmax,1.0,42,0.9150198412698411,0.02965379134109784,0.159,,40,True,2026-07-01T15:43:59.971885
C3,minmax,1.0,123,0.9000595238095238,0.04163655155044474,0.499,,40,True,2026-07-01T16:11:55.619383
C3,minmax,1.0,777,0.914345238095238,0.02622065273477812,0.5245,,40,True,2026-07-01T16:40:01.022869
C3,slow_poison,0.1,42,0.7986011904761905,0.43342100656051896,0.654,,40,True,2026-07-01T17:07:43.107238
C3,slow_poison,0.1,123,0.7963988095238095,0.38167872192736746,0.541,,40,True,2026-07-01T17:35:24.813584
C3,slow_poison,0.1,777,0.8017063492063492,0.48717177441151904,0.6055,,40,True,2026-07-01T18:03:05.295325
C3,slow_poison,1.0,42,0.7339980158730158,0.0,0.7905,,40,True,2026-07-01T18:31:02.034802
C3,slow_poison,1.0,123,0.7587454906204906,0.0,0.8015,,40,True,2026-07-01T18:58:52.523799
C3,slow_poison,1.0,777,0.7737400793650794,0.0015625,0.78,,40,True,2026-07-01T19:26:52.283247C1,alie,0.25,777,0.1979897435897436,0.09056153846153846,0.255,,39,True,2026-07-02T11:35:54.707639
C0,gaussian_noise,0.1,42,1.0,0.31216666666666665,0.646,,3,False,2026-06-29T12:49:05.953093
C0,gaussian_noise,0.1,123,1.0,0.28853589743589747,0.6365,,39,True,2026-06-29T13:22:50.243321
C0,gaussian_noise,0.1,777,1.0,0.2954769230769231,0.6305,,39,True,2026-06-29T13:55:34.635311
C0,gaussian_noise,0.25,42,1.0,0.09161794871794872,0.717,,39,True,2026-06-29T14:28:35.175666
C0,gaussian_noise,0.25,123,1.0,0.08711794871794871,0.7325,,39,True,2026-06-29T15:01:04.655747
C0,gaussian_noise,0.25,777,1.0,0.09627179487179487,0.702,,39,True,2026-06-29T15:34:06.667493
C0,gaussian_noise,0.5,42,1.0,0.02286923076923077,0.7145,,39,True,2026-06-29T16:06:43.187719
C0,gaussian_noise,0.5,123,1.0,0.007487179487179487,0.77,,39,True,2026-06-29T16:39:44.567942
C0,gaussian_noise,0.5,777,1.0,0.020143589743589742,0.774,,39,True,2026-06-29T17:13:58.475680
C0,gaussian_noise,1.0,42,1.0,0.0,0.8,,39,True,2026-06-29T17:46:26.720909
C0,gaussian_noise,1.0,123,1.0,0.0,0.791,,39,True,2026-06-29T18:19:34.571587
C0,gaussian_noise,1.0,777,1.0,0.0,0.8,,39,True,2026-06-29T18:53:53.516868
C0,sign_flip,0.1,42,1.0,0.2655974358974359,0.6205,,39,True,2026-06-29T19:26:37.326691
C0,sign_flip,0.1,123,1.0,0.28836666666666666,0.6465,,39,True,2026-06-29T19:59:32.088045
C0,sign_flip,0.1,777,1.0,0.3366948717948718,0.5695,,39,True,2026-06-29T20:32:31.139700
C0,sign_flip,0.25,42,1.0,0.08481025641025641,0.7365,,39,True,2026-06-29T21:04:59.579548
C0,sign_flip,0.25,123,1.0,0.06843076923076923,0.7105,,39,True,2026-06-29T21:37:54.959154
C0,sign_flip,0.25,777,1.0,0.09125641025641025,0.7085,,39,True,2026-06-29T22:09:50.489764
C0,sign_flip,0.5,42,1.0,0.01576666666666667,0.7635,,39,True,2026-06-29T22:42:16.404807
C0,sign_flip,0.5,123,1.0,0.025256410256410258,0.761,,39,True,2026-06-29T23:14:41.332336
C0,sign_flip,0.5,777,1.0,0.015105128205128203,0.759,,39,True,2026-06-29T23:47:51.956965
C0,sign_flip,1.0,42,1.0,0.0,0.777,,39,True,2026-06-30T00:21:29.266618
C0,sign_flip,1.0,123,1.0,0.0,0.7875,,39,True,2026-06-30T00:53:43.737381
C0,sign_flip,1.0,777,1.0,0.0,0.784,,39,True,2026-06-30T01:26:25.116175
C0,label_flip,0.1,42,0.358674358974359,0.38006410256410256,0.576,,39,True,2026-06-30T02:00:24.500713
C0,label_flip,0.1,123,0.36898974358974357,0.30467692307692307,0.567,,39,True,2026-06-30T02:34:46.954817
C0,label_flip,0.1,777,0.3816564102564103,0.325025641025641,0.64,,39,True,2026-06-30T03:08:34.169190
C0,label_flip,0.25,42,0.2851051282051282,0.08961538461538462,0.72,,39,True,2026-06-30T03:42:49.586618
C0,label_flip,0.25,123,0.29572820512820513,0.09277179487179488,0.7245,,39,True,2026-06-30T04:16:30.521166
C0,label_flip,0.25,777,0.2668333333333333,0.09524358974358975,0.713,,39,True,2026-06-30T04:50:55.682260
C0,label_flip,0.5,42,0.2529487179487179,0.044566666666666664,0.756,,39,True,2026-06-30T05:26:23.097319
C0,label_flip,0.5,123,0.25484871794871794,0.04323076923076923,0.545,,39,True,2026-06-30T06:00:03.793978
C0,label_flip,0.5,777,0.33418974358974357,0.04612307692307692,0.729,,39,True,2026-06-30T06:34:08.034362
C0,label_flip,1.0,42,0.003205128205128205,0.008184615384615384,0.7665,,39,True,2026-06-30T07:10:15.882382
C0,label_flip,1.0,123,0.0,0.009166666666666667,0.7695,,39,True,2026-06-30T07:44:14.355313
C0,label_flip,1.0,777,0.034346153846153846,0.005912820512820513,0.7485,,39,True,2026-06-30T08:19:17.698863
C0,alie,0.1,42,0.29396666666666665,0.3720153846153846,0.514,,39,True,2026-06-30T08:54:13.646123
C0,alie,0.1,123,0.2747282051282051,0.38298205128205126,0.5605,,39,True,2026-06-30T09:29:11.025811
C0,alie,0.1,777,0.3026589743589743,0.40973333333333334,0.4225,,39,True,2026-06-30T10:04:06.649689
C0,alie,0.25,42,0.19101282051282054,0.10478974358974359,0.6985,,39,True,2026-06-30T10:38:53.113673
C0,alie,0.25,123,0.18149743589743592,0.10332307692307693,0.705,,39,True,2026-06-30T11:13:30.307507
C0,alie,0.25,777,0.19903589743589745,0.10924358974358973,0.682,,39,True,2026-06-30T11:49:24.322211
C0,alie,0.5,42,0.17322564102564103,0.04473589743589743,0.7315,,39,True,2026-06-30T12:24:22.689005
C0,alie,0.5,123,0.17904102564102564,0.04352051282051282,0.724,,39,True,2026-06-30T12:59:27.884041
C0,alie,0.5,777,0.17733076923076924,0.06694871794871794,0.6995,,39,True,2026-06-30T13:33:45.551325
C0,alie,1.0,42,0.003205128205128205,0.012282051282051282,0.7045,,39,True,2026-06-30T14:10:30.554314
C0,alie,1.0,123,0.0,0.011776923076923077,0.737,,39,True,2026-06-30T14:45:23.274791
C0,alie,1.0,777,0.004274358974358974,0.007697435897435898,0.5705,,39,True,2026-06-30T15:20:14.304748
C0,on_off,0.1,42,0.4770948717948718,0.34921538461538465,0.5725,,39,True,2026-06-30T15:54:22.718772
C0,on_off,0.1,123,0.504625641025641,0.3161,0.656,,39,True,2026-06-30T16:28:22.212480
C0,on_off,0.1,777,0.47314871794871793,0.3193897435897436,0.533,,39,True,2026-06-30T17:02:26.171587
C0,on_off,0.25,42,0.29115384615384615,0.09045384615384615,0.7415,,39,True,2026-06-30T17:36:10.779083
C0,on_off,0.25,123,0.2738102564102564,0.08941794871794871,0.729,,39,True,2026-06-30T18:10:18.193695
C0,on_off,0.25,777,0.27633846153846153,0.0830923076923077,0.729,,39,True,2026-06-30T18:43:55.456875
C0,on_off,0.5,42,0.2854666666666667,0.05184871794871795,0.7705,,39,True,2026-06-30T19:17:41.352302
C0,on_off,0.5,123,0.2771128205128205,0.04388974358974359,0.757,,39,True,2026-06-30T19:53:26.704467
C0,on_off,0.5,777,0.2874102564102564,0.044123076923076925,0.777,,39,True,2026-06-30T20:26:55.720690
C0,on_off,1.0,42,0.20512820512820512,0.010864102564102564,0.8095,,39,True,2026-06-30T21:00:45.726795
C0,on_off,1.0,123,0.20512820512820512,0.008025641025641026,0.78,,39,True,2026-06-30T21:34:41.288862
C0,on_off,1.0,777,0.20512820512820512,0.005866666666666667,0.8095,,39,True,2026-06-30T22:09:09.923043
C0,minmax,0.1,42,0.24365128205128203,0.18665128205128204,0.101,,39,True,2026-06-30T22:43:44.259500
C0,minmax,0.1,123,0.3826307692307692,0.36462051282051283,0.089,,39,True,2026-06-30T23:18:15.263527
C0,minmax,0.1,777,0.30456666666666665,0.18407692307692305,0.101,,39,True,2026-06-30T23:52:51.707327
C0,minmax,0.25,42,0.45093589743589746,0.23409230769230768,0.1095,,39,True,2026-07-01T00:26:53.804465
C0,minmax,0.25,123,0.6033948717948717,0.1544871794871795,0.1015,,39,True,2026-07-01T01:01:56.552659
C0,minmax,0.25,777,0.6701358974358974,0.16083333333333333,0.1045,,39,True,2026-07-01T01:35:58.242802
C0,minmax,0.5,42,0.9884615384615384,0.10053076923076923,0.7235,,39,True,2026-07-01T02:10:06.932713
C0,minmax,0.5,123,0.9847333333333333,0.11804871794871796,0.752,,39,True,2026-07-01T02:44:59.795388
C0,minmax,0.5,777,0.981774358974359,0.10706923076923076,0.729,,39,True,2026-07-01T03:18:49.615651
C0,minmax,1.0,42,0.9117128205128205,0.019882051282051283,0.1025,,39,True,2026-07-01T03:53:12.259709
C0,minmax,1.0,123,0.9235666666666668,0.054161538461538455,0.3085,,39,True,2026-07-01T04:27:38.753640
C0,minmax,1.0,777,0.9385179487179488,0.026715384615384617,0.309,,39,True,2026-07-01T05:01:30.742514
C0,slow_poison,0.1,42,0.8234743589743589,0.3724205128205128,0.592,,39,True,2026-07-01T05:35:36.789970
C0,slow_poison,0.1,123,0.7977974358974359,0.4388025641025641,0.606,,39,True,2026-07-01T06:09:14.446006
C0,slow_poison,0.1,777,0.7948717948717948,0.40125641025641023,0.5865,,39,True,2026-07-01T06:44:11.277469
C0,slow_poison,0.25,42,0.7875025641025641,0.1046076923076923,0.738,,39,True,2026-07-01T07:18:38.011207
C0,slow_poison,0.25,123,0.7958333333333334,0.1007923076923077,0.7155,,39,True,2026-07-01T07:52:49.743937
C0,slow_poison,0.25,777,0.7870051282051282,0.11335897435897437,0.7355,,39,True,2026-07-01T08:27:56.390853
C0,slow_poison,0.5,42,0.7923051282051282,0.017230769230769234,0.7565,,39,True,2026-07-01T09:02:22.626459
C0,slow_poison,0.5,123,0.795502564102564,0.013853846153846154,0.7495,,39,True,2026-07-01T09:36:58.552596
C0,slow_poison,0.5,777,0.8301666666666667,0.0064487179487179485,0.776,,39,True,2026-07-01T10:11:11.291642
C0,slow_poison,1.0,42,0.7594769230769232,0.001282051282051282,0.79,,39,True,2026-07-01T10:46:43.022866
C0,slow_poison,1.0,123,0.7553179487179487,0.0,0.7725,,39,True,2026-07-01T11:21:03.065647
C0,slow_poison,1.0,777,0.7230564102564103,0.0033128205128205124,0.7895,,39,True,2026-07-01T11:55:10.721275
C1,gaussian_noise,0.1,42,1.0,0.25514102564102564,0.62,,39,True,2026-07-01T12:28:56.286629
C1,gaussian_noise,0.1,123,1.0,0.3020076923076923,0.6345,,39,True,2026-07-01T13:02:00.479270
C1,gaussian_noise,0.1,777,1.0,0.31919487179487177,0.677,,39,True,2026-07-01T13:35:29.876213
C1,gaussian_noise,0.25,42,1.0,0.10509743589743589,0.7355,,39,True,2026-07-01T14:09:08.839600
C1,gaussian_noise,0.25,123,1.0,0.08808205128205128,0.719,,39,True,2026-07-01T14:43:13.792449
C1,gaussian_noise,0.25,777,1.0,0.10606153846153846,0.7345,,39,True,2026-07-01T15:17:17.256522
C1,gaussian_noise,0.5,42,1.0,0.010276923076923076,0.7605,,39,True,2026-07-01T15:49:54.359533
C1,gaussian_noise,0.5,123,1.0,0.015387179487179487,0.7765,,39,True,2026-07-01T16:23:02.755417
C1,gaussian_noise,0.5,777,1.0,0.013874358974358975,0.76,,39,True,2026-07-01T16:55:43.831650
C1,gaussian_noise,1.0,42,1.0,0.0,0.7915,,39,True,2026-07-01T17:30:20.607465
C1,gaussian_noise,1.0,123,1.0,0.0,0.7535,,39,True,2026-07-01T18:02:52.649730
C1,gaussian_noise,1.0,777,1.0,0.0,0.7555,,39,True,2026-07-01T18:36:51.494027
C1,sign_flip,0.1,42,1.0,0.2760153846153846,0.6245,,39,True,2026-07-01T19:09:50.939570
C1,sign_flip,0.1,123,1.0,0.32955128205128204,0.662,,39,True,2026-07-01T19:42:44.176745
C1,sign_flip,0.1,777,1.0,0.2945923076923077,0.587,,39,True,2026-07-01T20:15:38.853355
C1,sign_flip,0.25,42,1.0,0.09888461538461539,0.7535,,39,True,2026-07-01T20:48:08.500436
C1,sign_flip,0.25,123,1.0,0.09388205128205128,0.7385,,39,True,2026-07-01T21:20:57.820209
C1,sign_flip,0.25,777,1.0,0.09237179487179488,0.7565,,39,True,2026-07-01T21:54:19.641597
C1,sign_flip,0.5,42,1.0,0.01704102564102564,0.782,,39,True,2026-07-01T22:27:01.058597
C1,sign_flip,0.5,123,1.0,0.0070512820512820505,0.7665,,39,True,2026-07-01T22:59:43.136616
C1,sign_flip,0.5,777,1.0,0.013976923076923078,0.7415,,39,True,2026-07-01T23:32:46.711750
C1,sign_flip,1.0,42,1.0,0.0,0.784,,39,True,2026-07-02T00:05:23.991327
C1,sign_flip,1.0,123,1.0,0.0,0.7975,,39,True,2026-07-02T00:37:34.995563
C1,sign_flip,1.0,777,1.0,0.0,0.7925,,39,True,2026-07-02T01:10:00.811218
C1,label_flip,0.1,42,0.40109999999999996,0.3088794871794872,0.5415,,39,True,2026-07-02T01:44:09.978854
C1,label_flip,0.1,123,0.38129743589743587,0.3470948717948718,0.6215,,39,True,2026-07-02T02:18:29.486089
C1,label_flip,0.1,777,0.3786230769230769,0.28091794871794873,0.6835,,39,True,2026-07-02T02:53:50.060401
C1,label_flip,0.25,42,0.24063076923076926,0.08132051282051282,0.742,,39,True,2026-07-02T03:27:46.614262
C1,label_flip,0.25,123,0.24322051282051282,0.08981025641025642,0.6625,,39,True,2026-07-02T04:02:21.178274
C1,label_flip,0.25,777,0.24587948717948718,0.08056666666666668,0.707,,39,True,2026-07-02T04:37:53.055736
C1,label_flip,0.5,42,0.3324153846153846,0.06598717948717948,0.697,,39,True,2026-07-02T05:11:56.429733
C1,label_flip,0.5,123,0.2846897435897436,0.05757948717948718,0.7315,,39,True,2026-07-02T05:45:43.089718
C1,label_flip,0.5,777,0.2675384615384615,0.06387435897435897,0.6875,,39,True,2026-07-02T06:19:54.542228
C1,label_flip,1.0,42,0.051835897435897435,0.0077666666666666665,0.576,,39,True,2026-07-02T06:54:55.950906
C1,label_flip,1.0,123,0.0,0.005884615384615384,0.59,,39,True,2026-07-02T07:29:13.962621
C1,label_flip,1.0,777,0.015812820512820513,0.014641025641025639,0.775,,39,True,2026-07-02T08:03:01.676965
C1,alie,0.1,42,0.33756153846153847,0.36235384615384614,0.586,,39,True,2026-07-02T08:38:05.577054
C1,alie,0.1,123,0.3458,0.3905717948717949,0.526,,39,True,2026-07-02T09:14:01.685698
C1,alie,0.1,777,0.2777307692307692,0.34876153846153846,0.4655,,39,True,2026-07-02T09:49:12.078355
C1,alie,0.25,42,0.1670974358974359,0.09811282051282051,0.6715,,39,True,2026-07-02T10:24:59.243742
C1,alie,0.25,123,0.14624871794871797,0.09142307692307693,0.1045,,39,True,2026-07-02T10:59:54.104756
C1,alie,0.5,42,0.23265897435897437,0.06930512820512821,0.688,,39,True,2026-07-02T12:11:21.212478
C1,alie,0.5,123,0.17205128205128206,0.04422051282051282,0.712,,39,True,2026-07-02T12:46:29.643392
C1,alie,0.5,777,0.1851948717948718,0.04722820512820513,0.7435,,39,True,2026-07-02T13:21:35.371291
C1,alie,1.0,42,0.003664102564102564,0.012276923076923078,0.7275,,39,True,2026-07-02T13:56:43.730496
C1,alie,1.0,123,0.0,0.015843589743589744,0.751,,39,True,2026-07-02T14:32:30.321901
C1,alie,1.0,777,0.003664102564102564,0.00874102564102564,0.7245,,39,True,2026-07-02T15:08:21.657435
C1,on_off,0.1,42,0.4084153846153846,0.3344794871794872,0.6375,,39,True,2026-07-02T15:43:25.239407
C1,on_off,0.1,123,0.47173333333333334,0.381525641025641,0.5965,,39,True,2026-07-02T16:17:14.540118
C1,on_off,0.1,777,0.43585641025641025,0.37125384615384616,0.5775,,39,True,2026-07-02T16:52:53.087633
C1,on_off,0.25,42,0.2582871794871795,0.10620769230769231,0.749,,39,True,2026-07-02T17:27:37.647076
C1,on_off,0.25,123,0.2852692307692308,0.1088948717948718,0.745,,39,True,2026-07-02T18:02:37.984240
C1,on_off,0.25,777,0.2828025641025641,0.09679230769230769,0.713,,39,True,2026-07-02T18:36:28.540057
C1,on_off,0.5,42,0.2850307692307692,0.05556153846153846,0.78,,39,True,2026-07-02T19:10:12.953578
C1,on_off,0.5,123,0.28103333333333336,0.05558974358974359,0.75,,39,True,2026-07-02T19:44:34.090145
C1,on_off,0.5,777,0.2738153846153846,0.04765384615384616,0.776,,39,True,2026-07-02T20:18:23.700757
C1,on_off,1.0,42,0.20512820512820512,0.007771794871794871,0.8045,,39,True,2026-07-02T20:52:35.137742
C1,on_off,1.0,123,0.20512820512820512,0.0067205128205128205,0.788,,39,True,2026-07-02T21:26:35.706004
C1,on_off,1.0,777,0.20512820512820512,0.009464102564102564,0.8005,,39,True,2026-07-02T22:00:14.400022
C1,minmax,0.1,42,0.3767692307692308,0.26043076923076924,0.0885,,39,True,2026-07-02T22:34:19.968522
C1,minmax,0.1,123,0.4524435897435897,0.3437871794871795,0.101,,39,True,2026-07-02T23:09:37.524471
C1,minmax,0.1,777,0.3584615384615385,0.2728025641025641,0.098,,39,True,2026-07-02T23:44:48.565129
C1,minmax,0.25,42,0.7153538461538462,0.2169102564102564,0.1345,,39,True,2026-07-03T00:19:33.379956
C1,minmax,0.25,123,0.17488205128205128,0.1059102564102564,0.099,,39,True,2026-07-03T00:55:28.058614
C1,minmax,0.25,777,0.6614307692307693,0.16204871794871795,0.096,,39,True,2026-07-03T01:29:52.281592
C1,minmax,0.5,42,0.9963358974358975,0.08891282051282051,0.7475,,39,True,2026-07-03T02:04:21.933013
C1,minmax,0.5,123,0.9814897435897436,0.08746666666666666,0.6865,,39,True,2026-07-03T02:38:57.941397
C1,minmax,0.5,777,0.9811333333333334,0.09085897435897436,0.735,,39,True,2026-07-03T03:14:02.810635
C1,minmax,1.0,42,0.9288615384615385,0.018753846153846156,0.199,,39,True,2026-07-03T03:48:51.428065
C1,minmax,1.0,123,0.9322794871794872,0.023261538461538462,0.4305,,39,True,2026-07-03T04:23:44.462905
C1,minmax,1.0,777,0.9383743589743591,0.012023076923076923,0.3575,,39,True,2026-07-03T04:58:43.600045
C1,slow_poison,0.1,42,0.8579358974358974,0.4444461538461539,0.6385,,39,True,2026-07-03T05:32:45.757166
C1,slow_poison,0.1,123,0.7848564102564103,0.3896461538461538,0.6715,,39,True,2026-07-03T06:06:43.580991
C1,slow_poison,0.1,777,0.7888564102564103,0.4561179487179487,0.6555,,39,True,2026-07-03T06:40:19.921080
C1,slow_poison,0.25,42,0.8190692307692308,0.07918461538461538,0.695,,39,True,2026-07-03T07:15:01.368320
C1,slow_poison,0.25,123,0.8187692307692307,0.0982025641025641,0.725,,39,True,2026-07-03T07:49:25.384667
C1,slow_poison,0.25,777,0.7794076923076922,0.09317692307692307,0.7355,,39,True,2026-07-03T08:23:19.377273
C1,slow_poison,0.5,42,0.805025641025641,0.024225641025641027,0.7825,,39,True,2026-07-03T08:57:18.719614
C1,slow_poison,0.5,123,0.8101,0.02984102564102564,0.7695,,39,True,2026-07-03T09:31:44.746469
C1,slow_poison,0.5,777,0.7744820512820513,0.02072820512820513,0.751,,39,True,2026-07-03T10:06:08.931501
C1,slow_poison,1.0,42,0.7607128205128205,0.0,0.785,,39,True,2026-07-03T10:39:57.845556
C1,slow_poison,1.0,123,0.7581435897435898,0.0,0.7755,,39,True,2026-07-03T11:14:12.783152
C1,slow_poison,1.0,777,0.7420128205128206,0.0,0.797,,39,True,2026-07-03T11:48:39.041550
C0,gaussian_noise,0.1,42,1.0,0.2936981239864367,0.6415,,40,True,2026-07-03T14:41:28.230588
C1,alie,0.25,777,0.12088293650793651,0.09272172465477418,0.6875,,40,True,2026-07-03T15:12:09.529903
